Id,Req. Timestamp,Resp. Timestamp,Method,URL,Code,Reason,RTT,Size Resp. Header,Size Resp. Body
154446,Mon May 30 17:43:26 WEST 2022,Mon May 30 17:43:26 WEST 2022,GET,http://192.168.1.80:3000/4636100416414990435,200,OK,75,443,1987
154452,Mon May 30 17:43:26 WEST 2022,Mon May 30 17:43:26 WEST 2022,GET,http://192.168.1.80:3000/1911056963604328516,200,OK,68,443,1987
154455,Mon May 30 17:43:26 WEST 2022,Mon May 30 17:43:26 WEST 2022,GET,http://192.168.1.80:3000/103.js/8868910284396165913,200,OK,46,443,1987
154457,Mon May 30 17:43:26 WEST 2022,Mon May 30 17:43:26 WEST 2022,GET,http://192.168.1.80:3000/103.js/7618823165929498950,200,OK,27,443,1987
154461,Mon May 30 17:43:26 WEST 2022,Mon May 30 17:43:26 WEST 2022,GET,http://192.168.1.80:3000/ae.svg/8256485159744891453,200,OK,35,443,1987
154462,Mon May 30 17:43:26 WEST 2022,Mon May 30 17:43:26 WEST 2022,GET,http://192.168.1.80:3000/ae.svg/2708539659865370378,200,OK,30,443,1987
154465,Mon May 30 17:43:26 WEST 2022,Mon May 30 17:43:26 WEST 2022,GET,http://192.168.1.80:3000/api/3713128059001601685,500,Internal Server Error,5,318,2060
154468,Mon May 30 17:43:26 WEST 2022,Mon May 30 17:43:26 WEST 2022,GET,http://192.168.1.80:3000/api/Challenges/3477918729852054398,401,Unauthorized,5,309,234
154470,Mon May 30 17:43:26 WEST 2022,Mon May 30 17:43:26 WEST 2022,GET,http://192.168.1.80:3000/api/Feedbacks/7273930442560775029,401,Unauthorized,6,309,234
154473,Mon May 30 17:43:26 WEST 2022,Mon May 30 17:43:26 WEST 2022,GET,http://192.168.1.80:3000/api/Quantitys/4176992357061336893,500,Internal Server Error,14,318,2079
154476,Mon May 30 17:43:27 WEST 2022,Mon May 30 17:43:27 WEST 2022,GET,http://192.168.1.80:3000/api/SecurityQuestions/2004083471482942568,401,Unauthorized,15,309,234
154480,Mon May 30 17:43:27 WEST 2022,Mon May 30 17:43:27 WEST 2022,GET,http://192.168.1.80:3000/assets/7254106948400216939,200,OK,61,443,1987
154482,Mon May 30 17:43:27 WEST 2022,Mon May 30 17:43:27 WEST 2022,GET,http://192.168.1.80:3000/assets/8891090138988319643,200,OK,42,443,1987
154485,Mon May 30 17:43:27 WEST 2022,Mon May 30 17:43:27 WEST 2022,GET,http://192.168.1.80:3000/assets/i18n/8456526006772445913,200,OK,24,443,1987
154487,Mon May 30 17:43:27 WEST 2022,Mon May 30 17:43:27 WEST 2022,GET,http://192.168.1.80:3000/assets/i18n/2837758700773083648,200,OK,44,443,1987
154490,Mon May 30 17:43:27 WEST 2022,Mon May 30 17:43:27 WEST 2022,GET,http://192.168.1.80:3000/assets/i18n/en.json/6461309013336984198,200,OK,21,443,1987
154492,Mon May 30 17:43:27 WEST 2022,Mon May 30 17:43:27 WEST 2022,GET,http://192.168.1.80:3000/assets/i18n/en.json/8428361728115617198,200,OK,33,443,1987
154496,Mon May 30 17:43:27 WEST 2022,Mon May 30 17:43:27 WEST 2022,GET,http://192.168.1.80:3000/assets/public/2683364321143876195,200,OK,22,443,1987
154499,Mon May 30 17:43:27 WEST 2022,Mon May 30 17:43:27 WEST 2022,GET,http://192.168.1.80:3000/assets/public/5664025459347718825,200,OK,20,443,1987
154502,Mon May 30 17:43:27 WEST 2022,Mon May 30 17:43:27 WEST 2022,GET,http://192.168.1.80:3000/assets/public/favicon_js.ico/1008097637763943448,200,OK,13,443,1987
154504,Mon May 30 17:43:27 WEST 2022,Mon May 30 17:43:27 WEST 2022,GET,http://192.168.1.80:3000/assets/public/favicon_js.ico/331789919264530192,200,OK,40,443,1987
154509,Mon May 30 17:43:27 WEST 2022,Mon May 30 17:43:27 WEST 2022,GET,http://192.168.1.80:3000/assets/public/images/8512318629604230435,200,OK,33,443,1987
154512,Mon May 30 17:43:27 WEST 2022,Mon May 30 17:43:27 WEST 2022,GET,http://192.168.1.80:3000/assets/public/images/2758458230587010339,200,OK,20,443,1987
154516,Mon May 30 17:43:27 WEST 2022,Mon May 30 17:43:27 WEST 2022,GET,http://192.168.1.80:3000/assets/public/images/carousel/2494440009903041360,200,OK,24,443,1987
154519,Mon May 30 17:43:27 WEST 2022,Mon May 30 17:43:27 WEST 2022,GET,http://192.168.1.80:3000/assets/public/images/carousel/812267821575027748,200,OK,25,443,1987
154523,Mon May 30 17:43:27 WEST 2022,Mon May 30 17:43:27 WEST 2022,GET,http://192.168.1.80:3000/assets/public/images/carousel/1.jpg/3467819970963353016,200,OK,19,443,1987
154526,Mon May 30 17:43:27 WEST 2022,Mon May 30 17:43:27 WEST 2022,GET,http://192.168.1.80:3000/assets/public/images/carousel/1.jpg/4215744307807179198,200,OK,32,443,1987
154532,Mon May 30 17:43:27 WEST 2022,Mon May 30 17:43:27 WEST 2022,GET,http://192.168.1.80:3000/assets/public/images/carousel/2.jpg/7133514353328802442,200,OK,25,443,1987
154535,Mon May 30 17:43:27 WEST 2022,Mon May 30 17:43:27 WEST 2022,GET,http://192.168.1.80:3000/assets/public/images/carousel/2.jpg/6515525097116784674,200,OK,18,443,1987
154539,Mon May 30 17:43:27 WEST 2022,Mon May 30 17:43:27 WEST 2022,GET,http://192.168.1.80:3000/assets/public/images/carousel/3.jpg/5000512591328330151,200,OK,27,443,1987
154542,Mon May 30 17:43:27 WEST 2022,Mon May 30 17:43:27 WEST 2022,GET,http://192.168.1.80:3000/assets/public/images/carousel/3.jpg/2101514447532865889,200,OK,28,443,1987
154546,Mon May 30 17:43:27 WEST 2022,Mon May 30 17:43:27 WEST 2022,GET,http://192.168.1.80:3000/assets/public/images/carousel/4.jpg/98991733791226156,200,OK,22,443,1987
154550,Mon May 30 17:43:27 WEST 2022,Mon May 30 17:43:27 WEST 2022,GET,http://192.168.1.80:3000/assets/public/images/carousel/4.jpg/8167952288459690570,200,OK,30,443,1987
154554,Mon May 30 17:43:27 WEST 2022,Mon May 30 17:43:27 WEST 2022,GET,http://192.168.1.80:3000/assets/public/images/carousel/5.png/2565503396816554809,200,OK,35,443,1987
154557,Mon May 30 17:43:27 WEST 2022,Mon May 30 17:43:27 WEST 2022,GET,http://192.168.1.80:3000/assets/public/images/carousel/5.png/6300935501285863035,200,OK,28,443,1987
154562,Mon May 30 17:43:27 WEST 2022,Mon May 30 17:43:27 WEST 2022,GET,http://192.168.1.80:3000/assets/public/images/carousel/6.jpg/7900722686623399974,200,OK,34,443,1987
154565,Mon May 30 17:43:27 WEST 2022,Mon May 30 17:43:27 WEST 2022,GET,http://192.168.1.80:3000/assets/public/images/carousel/6.jpg/6059448178116331267,200,OK,32,443,1987
154569,Mon May 30 17:43:27 WEST 2022,Mon May 30 17:43:27 WEST 2022,GET,http://192.168.1.80:3000/assets/public/images/carousel/7.jpg/2277723968938737601,200,OK,26,443,1987
154572,Mon May 30 17:43:27 WEST 2022,Mon May 30 17:43:27 WEST 2022,GET,http://192.168.1.80:3000/assets/public/images/carousel/7.jpg/7592698751290295674,200,OK,37,443,1987
154576,Mon May 30 17:43:27 WEST 2022,Mon May 30 17:43:28 WEST 2022,GET,http://192.168.1.80:3000/assets/public/images/hackingInstructor.png/2785374461354303203,200,OK,29,443,1987
154579,Mon May 30 17:43:28 WEST 2022,Mon May 30 17:43:28 WEST 2022,GET,http://192.168.1.80:3000/assets/public/images/hackingInstructor.png/6105114807685346372,200,OK,27,443,1987
154583,Mon May 30 17:43:28 WEST 2022,Mon May 30 17:43:28 WEST 2022,GET,http://192.168.1.80:3000/assets/public/images/JuiceShop_Logo.png/689945980119096443,200,OK,22,443,1987
154586,Mon May 30 17:43:28 WEST 2022,Mon May 30 17:43:28 WEST 2022,GET,http://192.168.1.80:3000/assets/public/images/JuiceShop_Logo.png/1167261512910749809,200,OK,26,443,1987
154591,Mon May 30 17:43:28 WEST 2022,Mon May 30 17:43:28 WEST 2022,GET,http://192.168.1.80:3000/assets/public/images/products/6342216888322896604,200,OK,51,443,1987
154595,Mon May 30 17:43:28 WEST 2022,Mon May 30 17:43:28 WEST 2022,GET,http://192.168.1.80:3000/assets/public/images/products/3300734937200086715,200,OK,45,443,1987
154600,Mon May 30 17:43:28 WEST 2022,Mon May 30 17:43:28 WEST 2022,GET,http://192.168.1.80:3000/assets/public/images/products/3d_keychain.jpg/1175303319465060314,200,OK,39,443,1987
154604,Mon May 30 17:43:28 WEST 2022,Mon May 30 17:43:28 WEST 2022,GET,http://192.168.1.80:3000/assets/public/images/products/3d_keychain.jpg/6075516045738920352,200,OK,42,443,1987
154609,Mon May 30 17:43:28 WEST 2022,Mon May 30 17:43:28 WEST 2022,GET,http://192.168.1.80:3000/assets/public/images/products/apple_juice.jpg/1976103791992799870,200,OK,41,443,1987
154614,Mon May 30 17:43:28 WEST 2022,Mon May 30 17:43:28 WEST 2022,GET,http://192.168.1.80:3000/assets/public/images/products/apple_juice.jpg/6045784790058818215,200,OK,37,443,1987
154619,Mon May 30 17:43:28 WEST 2022,Mon May 30 17:43:28 WEST 2022,GET,http://192.168.1.80:3000/assets/public/images/products/apple_pressings.jpg/4398286312617348929,200,OK,52,443,1987
154623,Mon May 30 17:43:28 WEST 2022,Mon May 30 17:43:28 WEST 2022,GET,http://192.168.1.80:3000/assets/public/images/products/apple_pressings.jpg/7577144724061338100,200,OK,47,443,1987
154629,Mon May 30 17:43:28 WEST 2022,Mon May 30 17:43:28 WEST 2022,GET,http://192.168.1.80:3000/assets/public/images/products/artwork2.jpg/961910892401109902,200,OK,52,443,1987
154634,Mon May 30 17:43:28 WEST 2022,Mon May 30 17:43:28 WEST 2022,GET,http://192.168.1.80:3000/assets/public/images/products/artwork2.jpg/5370492570549049987,200,OK,29,443,1987
154637,Mon May 30 17:43:28 WEST 2022,Mon May 30 17:43:28 WEST 2022,GET,http://192.168.1.80:3000/assets/public/images/products/banana_juice.jpg/3450961733082096272,200,OK,28,443,1987
154641,Mon May 30 17:43:28 WEST 2022,Mon May 30 17:43:28 WEST 2022,GET,http://192.168.1.80:3000/assets/public/images/products/banana_juice.jpg/2440491476910551693,200,OK,64,443,1987
154647,Mon May 30 17:43:28 WEST 2022,Mon May 30 17:43:28 WEST 2022,GET,http://192.168.1.80:3000/assets/public/images/products/card_alpha.jpg/6437483391829138002,200,OK,39,443,1987
154652,Mon May 30 17:43:28 WEST 2022,Mon May 30 17:43:28 WEST 2022,GET,http://192.168.1.80:3000/assets/public/images/products/card_alpha.jpg/7735832408245958633,200,OK,40,443,1987
154659,Mon May 30 17:43:28 WEST 2022,Mon May 30 17:43:28 WEST 2022,GET,http://192.168.1.80:3000/assets/public/images/products/carrot_juice.jpeg/5668361843061018769,200,OK,37,443,1987
154662,Mon May 30 17:43:28 WEST 2022,Mon May 30 17:43:28 WEST 2022,GET,http://192.168.1.80:3000/assets/public/images/products/carrot_juice.jpeg/2081764317251543271,200,OK,44,443,1987
154666,Mon May 30 17:43:28 WEST 2022,Mon May 30 17:43:29 WEST 2022,GET,http://192.168.1.80:3000/assets/public/images/products/coaster.jpg/905287382023150458,200,OK,49,443,1987
154671,Mon May 30 17:43:29 WEST 2022,Mon May 30 17:43:29 WEST 2022,GET,http://192.168.1.80:3000/assets/public/images/products/coaster.jpg/8149183557139130331,200,OK,78,443,1987
154679,Mon May 30 17:43:29 WEST 2022,Mon May 30 17:43:29 WEST 2022,GET,http://192.168.1.80:3000/assets/public/images/products/eggfruit_juice.jpg/5170079455041632226,200,OK,72,443,1987
154684,Mon May 30 17:43:29 WEST 2022,Mon May 30 17:43:29 WEST 2022,GET,http://192.168.1.80:3000/assets/public/images/products/eggfruit_juice.jpg/1330614502575656253,200,OK,45,443,1987
154689,Mon May 30 17:43:29 WEST 2022,Mon May 30 17:43:29 WEST 2022,GET,http://192.168.1.80:3000/assets/public/images/products/fan_facemask.jpg/4082679310756631517,200,OK,49,443,1987
154693,Mon May 30 17:43:29 WEST 2022,Mon May 30 17:43:29 WEST 2022,GET,http://192.168.1.80:3000/assets/public/images/products/fan_facemask.jpg/1435630897206100653,200,OK,85,443,1987
154699,Mon May 30 17:43:29 WEST 2022,Mon May 30 17:43:29 WEST 2022,GET,http://192.168.1.80:3000/assets/public/images/products/fan_girlie.jpg/5802962828639831306,200,OK,52,443,1987
154702,Mon May 30 17:43:29 WEST 2022,Mon May 30 17:43:29 WEST 2022,GET,http://192.168.1.80:3000/assets/public/images/products/fan_girlie.jpg/4465521656362842745,200,OK,52,443,1987
154709,Mon May 30 17:43:29 WEST 2022,Mon May 30 17:43:29 WEST 2022,GET,http://192.168.1.80:3000/assets/public/images/products/fan_hoodie.jpg/368308769385901023,200,OK,73,443,1987
154713,Mon May 30 17:43:29 WEST 2022,Mon May 30 17:43:29 WEST 2022,GET,http://192.168.1.80:3000/assets/public/images/products/fan_hoodie.jpg/7591551226949395477,200,OK,60,443,1987
154719,Mon May 30 17:43:29 WEST 2022,Mon May 30 17:43:29 WEST 2022,GET,http://192.168.1.80:3000/assets/public/images/products/fan_mug.jpg/3787910575506245305,200,OK,50,443,1987
154724,Mon May 30 17:43:29 WEST 2022,Mon May 30 17:43:29 WEST 2022,GET,http://192.168.1.80:3000/assets/public/images/products/fan_mug.jpg/3460962275244971659,200,OK,48,443,1987
154732,Mon May 30 17:43:29 WEST 2022,Mon May 30 17:43:29 WEST 2022,GET,http://192.168.1.80:3000/assets/public/images/products/fan_shirt.jpg/3564294054731997625,200,OK,54,443,1987
154737,Mon May 30 17:43:29 WEST 2022,Mon May 30 17:43:29 WEST 2022,GET,http://192.168.1.80:3000/assets/public/images/products/fan_shirt.jpg/4342092544165962679,200,OK,59,443,1987
154744,Mon May 30 17:43:29 WEST 2022,Mon May 30 17:43:29 WEST 2022,GET,http://192.168.1.80:3000/assets/public/images/products/fruit_press.jpg/3069922644494429737,200,OK,53,443,1987
154748,Mon May 30 17:43:29 WEST 2022,Mon May 30 17:43:30 WEST 2022,GET,http://192.168.1.80:3000/assets/public/images/products/fruit_press.jpg/1318897535817958368,200,OK,44,443,1987
154753,Mon May 30 17:43:30 WEST 2022,Mon May 30 17:43:30 WEST 2022,GET,http://192.168.1.80:3000/assets/public/images/products/green_smoothie.jpg/4494356674102846077,200,OK,62,443,1987
154758,Mon May 30 17:43:30 WEST 2022,Mon May 30 17:43:30 WEST 2022,GET,http://192.168.1.80:3000/assets/public/images/products/green_smoothie.jpg/1683765184246699609,200,OK,59,443,1987
154764,Mon May 30 17:43:30 WEST 2022,Mon May 30 17:43:30 WEST 2022,GET,http://192.168.1.80:3000/assets/public/images/products/holo_sticker.png/9065255030113053533,200,OK,73,443,1987
154772,Mon May 30 17:43:30 WEST 2022,Mon May 30 17:43:30 WEST 2022,GET,http://192.168.1.80:3000/assets/public/images/products/holo_sticker.png/9209411588265286257,200,OK,53,443,1987
154778,Mon May 30 17:43:30 WEST 2022,Mon May 30 17:43:30 WEST 2022,GET,http://192.168.1.80:3000/assets/public/images/products/iron-on.jpg/376891522581806901,200,OK,39,443,1987
154782,Mon May 30 17:43:30 WEST 2022,Mon May 30 17:43:30 WEST 2022,GET,http://192.168.1.80:3000/assets/public/images/products/iron-on.jpg/899068927291256259,200,OK,37,443,1987
154788,Mon May 30 17:43:30 WEST 2022,Mon May 30 17:43:30 WEST 2022,GET,http://192.168.1.80:3000/assets/public/images/products/lemon_juice.jpg/338366683961766137,200,OK,37,443,1987
154793,Mon May 30 17:43:30 WEST 2022,Mon May 30 17:43:30 WEST 2022,GET,http://192.168.1.80:3000/assets/public/images/products/lemon_juice.jpg/5971637633013128139,200,OK,38,443,1987
154799,Mon May 30 17:43:30 WEST 2022,Mon May 30 17:43:30 WEST 2022,GET,http://192.168.1.80:3000/assets/public/images/products/magnets.jpg/8931323906460036788,200,OK,42,443,1987
154804,Mon May 30 17:43:30 WEST 2022,Mon May 30 17:43:30 WEST 2022,GET,http://192.168.1.80:3000/assets/public/images/products/magnets.jpg/463283039783890243,200,OK,47,443,1987
154810,Mon May 30 17:43:30 WEST 2022,Mon May 30 17:43:30 WEST 2022,GET,http://192.168.1.80:3000/assets/public/images/products/melon_bike.jpeg/436013506860761845,200,OK,52,443,1987
154815,Mon May 30 17:43:30 WEST 2022,Mon May 30 17:43:30 WEST 2022,GET,http://192.168.1.80:3000/assets/public/images/products/melon_bike.jpeg/7673167089117884015,200,OK,42,443,1987
154821,Mon May 30 17:43:30 WEST 2022,Mon May 30 17:43:30 WEST 2022,GET,http://192.168.1.80:3000/assets/public/images/products/no-results.png/2091287351691407244,200,OK,52,443,1987
154826,Mon May 30 17:43:30 WEST 2022,Mon May 30 17:43:30 WEST 2022,GET,http://192.168.1.80:3000/assets/public/images/products/no-results.png/7361598027495185566,200,OK,42,443,1987
154832,Mon May 30 17:43:30 WEST 2022,Mon May 30 17:43:30 WEST 2022,GET,http://192.168.1.80:3000/assets/public/images/products/orange_juice.jpg/4374234410687548229,200,OK,47,443,1987
154837,Mon May 30 17:43:30 WEST 2022,Mon May 30 17:43:30 WEST 2022,GET,http://192.168.1.80:3000/assets/public/images/products/orange_juice.jpg/7963043344056878088,200,OK,42,443,1987
154842,Mon May 30 17:43:30 WEST 2022,Mon May 30 17:43:30 WEST 2022,GET,http://192.168.1.80:3000/assets/public/images/products/permafrost.jpg/8824189491536547846,200,OK,38,443,1987
154847,Mon May 30 17:43:30 WEST 2022,Mon May 30 17:43:30 WEST 2022,GET,http://192.168.1.80:3000/assets/public/images/products/permafrost.jpg/4460287618068936285,200,OK,74,443,1987
154855,Mon May 30 17:43:30 WEST 2022,Mon May 30 17:43:31 WEST 2022,GET,http://192.168.1.80:3000/assets/public/images/products/sticker_page.jpg/101323392671052771,200,OK,423,443,1987
154859,Mon May 30 17:43:31 WEST 2022,Mon May 30 17:43:31 WEST 2022,GET,http://192.168.1.80:3000/assets/public/images/products/sticker_page.jpg/7539332496308457546,200,OK,47,443,1987
154867,Mon May 30 17:43:31 WEST 2022,Mon May 30 17:43:31 WEST 2022,GET,http://192.168.1.80:3000/assets/public/images/products/sticker_single.jpg/5529341935246742672,200,OK,36,443,1987
154872,Mon May 30 17:43:31 WEST 2022,Mon May 30 17:43:31 WEST 2022,GET,http://192.168.1.80:3000/assets/public/images/products/sticker_single.jpg/2635368210922070466,200,OK,37,443,1987
154878,Mon May 30 17:43:31 WEST 2022,Mon May 30 17:43:31 WEST 2022,GET,http://192.168.1.80:3000/assets/public/images/uploads/4092772439429332073,200,OK,35,443,1987
154883,Mon May 30 17:43:31 WEST 2022,Mon May 30 17:43:31 WEST 2022,GET,http://192.168.1.80:3000/assets/public/images/uploads/7790087793789241188,200,OK,34,443,1987
154888,Mon May 30 17:43:31 WEST 2022,Mon May 30 17:43:31 WEST 2022,GET,http://192.168.1.80:3000/assets/public/images/uploads/favorite-hiking-place.png/957923057961607913,200,OK,54,443,1987
154893,Mon May 30 17:43:31 WEST 2022,Mon May 30 17:43:31 WEST 2022,GET,http://192.168.1.80:3000/assets/public/images/uploads/favorite-hiking-place.png/4382069440387330265,200,OK,49,443,1987
154901,Mon May 30 17:43:31 WEST 2022,Mon May 30 17:43:31 WEST 2022,GET,http://192.168.1.80:3000/assets/public/images/uploads/IMG_4253.jpg/2482797374190276925,200,OK,87,443,1987
154906,Mon May 30 17:43:31 WEST 2022,Mon May 30 17:43:31 WEST 2022,GET,http://192.168.1.80:3000/assets/public/images/uploads/IMG_4253.jpg/4629458182913131465,200,OK,48,443,1987
154914,Mon May 30 17:43:31 WEST 2022,Mon May 30 17:43:31 WEST 2022,GET,http://192.168.1.80:3000/assets/public/images/uploads/magn(et)ificent!-1571814229653.jpg/1570260054558653880,200,OK,74,443,1987
154920,Mon May 30 17:43:31 WEST 2022,Mon May 30 17:43:31 WEST 2022,GET,http://192.168.1.80:3000/assets/public/images/uploads/magn(et)ificent!-1571814229653.jpg/9153849825723624273,200,OK,41,443,1987
154926,Mon May 30 17:43:31 WEST 2022,Mon May 30 17:43:31 WEST 2022,GET,http://192.168.1.80:3000/assets/public/images/uploads/my-rare-collectors-item!-%5B%CC%B2%CC%85$%CC%B2%CC%85(%CC%B2%CC%85-%CD%A1%C2%B0-%CD%9C%CA%96-%CD%A1%C2%B0%CC%B2%CC%85)%CC%B2%CC%85$%CC%B2%CC%85%5D-1572603645543.jpg/6412322455232571077,200,OK,55,443,1987
154932,Mon May 30 17:43:32 WEST 2022,Mon May 30 17:43:32 WEST 2022,GET,http://192.168.1.80:3000/assets/public/images/uploads/my-rare-collectors-item!-%5B%CC%B2%CC%85$%CC%B2%CC%85(%CC%B2%CC%85-%CD%A1%C2%B0-%CD%9C%CA%96-%CD%A1%C2%B0%CC%B2%CC%85)%CC%B2%CC%85$%CC%B2%CC%85%5D-1572603645543.jpg/5435413991610574262,200,OK,99,443,1987
154939,Mon May 30 17:43:32 WEST 2022,Mon May 30 17:43:32 WEST 2022,GET,http://192.168.1.80:3000/assets/public/images/uploads/%F0%9F%98%BC-/6063897534941162770,200,OK,66,443,1987
154945,Mon May 30 17:43:32 WEST 2022,Mon May 30 17:43:32 WEST 2022,GET,http://192.168.1.80:3000/assets/public/images/uploads/%F0%9F%98%BC-/7503586696372423531,200,OK,78,443,1987
154951,Mon May 30 17:43:32 WEST 2022,Mon May 30 17:43:32 WEST 2022,GET,http://192.168.1.80:3000/az.svg/7309017195716304216,200,OK,49,443,1987
154957,Mon May 30 17:43:32 WEST 2022,Mon May 30 17:43:32 WEST 2022,GET,http://192.168.1.80:3000/az.svg/6049570772206494666,200,OK,49,443,1987
154963,Mon May 30 17:43:32 WEST 2022,Mon May 30 17:43:32 WEST 2022,GET,http://192.168.1.80:3000/bg.svg/7680445906801698488,200,OK,61,443,1987
154966,Mon May 30 17:43:32 WEST 2022,Mon May 30 17:43:32 WEST 2022,GET,http://192.168.1.80:3000/bg.svg/7633023763424675909,200,OK,32,443,1987
154971,Mon May 30 17:43:32 WEST 2022,Mon May 30 17:43:32 WEST 2022,GET,http://192.168.1.80:3000/br.svg/3658942697440818236,200,OK,63,443,1987
154978,Mon May 30 17:43:32 WEST 2022,Mon May 30 17:43:32 WEST 2022,GET,http://192.168.1.80:3000/br.svg/4898267322036230697,200,OK,35,443,1987
154983,Mon May 30 17:43:32 WEST 2022,Mon May 30 17:43:32 WEST 2022,GET,http://192.168.1.80:3000/ch.svg/4528299612956254768,200,OK,37,443,1987
154988,Mon May 30 17:43:32 WEST 2022,Mon May 30 17:43:32 WEST 2022,GET,http://192.168.1.80:3000/ch.svg/6736989623847798361,200,OK,30,443,1987
154994,Mon May 30 17:43:32 WEST 2022,Mon May 30 17:43:32 WEST 2022,GET,http://192.168.1.80:3000/cn.svg/3677734390547962312,200,OK,48,443,1987
154997,Mon May 30 17:43:32 WEST 2022,Mon May 30 17:43:32 WEST 2022,GET,http://192.168.1.80:3000/cn.svg/57876931804342372,200,OK,47,443,1987
155002,Mon May 30 17:43:32 WEST 2022,Mon May 30 17:43:32 WEST 2022,GET,http://192.168.1.80:3000/cz.svg/4033566459907423908,200,OK,38,443,1987
155006,Mon May 30 17:43:32 WEST 2022,Mon May 30 17:43:32 WEST 2022,GET,http://192.168.1.80:3000/cz.svg/1426154717940204524,200,OK,47,443,1987
155014,Mon May 30 17:43:32 WEST 2022,Mon May 30 17:43:32 WEST 2022,GET,http://192.168.1.80:3000/de.svg/6952602203352656539,200,OK,34,443,1987
155019,Mon May 30 17:43:32 WEST 2022,Mon May 30 17:43:32 WEST 2022,GET,http://192.168.1.80:3000/de.svg/6143877073696143939,200,OK,20,443,1987
155024,Mon May 30 17:43:32 WEST 2022,Mon May 30 17:43:32 WEST 2022,GET,http://192.168.1.80:3000/dk.svg/4964747986305033739,200,OK,30,443,1987
155028,Mon May 30 17:43:32 WEST 2022,Mon May 30 17:43:32 WEST 2022,GET,http://192.168.1.80:3000/dk.svg/6538165019310459162,200,OK,23,443,1987
155035,Mon May 30 17:43:32 WEST 2022,Mon May 30 17:43:33 WEST 2022,GET,http://192.168.1.80:3000/ee.svg/1929410556862895971,200,OK,58,443,1987
155039,Mon May 30 17:43:33 WEST 2022,Mon May 30 17:43:33 WEST 2022,GET,http://192.168.1.80:3000/ee.svg/1742522512469744158,200,OK,94,443,1987
155046,Mon May 30 17:43:33 WEST 2022,Mon May 30 17:43:33 WEST 2022,GET,http://192.168.1.80:3000/es.svg/8004982540465933517,200,OK,73,443,1987
155049,Mon May 30 17:43:33 WEST 2022,Mon May 30 17:43:33 WEST 2022,GET,http://192.168.1.80:3000/es.svg/9060403707439030803,200,OK,48,443,1987
155054,Mon May 30 17:43:33 WEST 2022,Mon May 30 17:43:33 WEST 2022,GET,http://192.168.1.80:3000/favicon.ico/513647798406284865,200,OK,53,443,1987
155057,Mon May 30 17:43:33 WEST 2022,Mon May 30 17:43:33 WEST 2022,GET,http://192.168.1.80:3000/favicon.ico/3329455481896895748,200,OK,51,443,1987
155065,Mon May 30 17:43:33 WEST 2022,Mon May 30 17:43:33 WEST 2022,GET,http://192.168.1.80:3000/fi.svg/865076054335202010,200,OK,63,443,1987
155069,Mon May 30 17:43:33 WEST 2022,Mon May 30 17:43:33 WEST 2022,GET,http://192.168.1.80:3000/fi.svg/4307751704048188272,200,OK,48,443,1987
155074,Mon May 30 17:43:33 WEST 2022,Mon May 30 17:43:33 WEST 2022,GET,http://192.168.1.80:3000/font-mfizz.woff/994308052408550974,200,OK,78,443,1987
155076,Mon May 30 17:43:33 WEST 2022,Mon May 30 17:43:33 WEST 2022,GET,http://192.168.1.80:3000/font-mfizz.woff/8506775301423299584,200,OK,70,443,1987
155085,Mon May 30 17:43:33 WEST 2022,Mon May 30 17:43:33 WEST 2022,GET,http://192.168.1.80:3000/fr.svg/6035371187763003593,200,OK,73,443,1987
155089,Mon May 30 17:43:33 WEST 2022,Mon May 30 17:43:33 WEST 2022,GET,http://192.168.1.80:3000/fr.svg/8029119177105967516,200,OK,63,443,1987
155091,Mon May 30 17:43:33 WEST 2022,Mon May 30 17:43:33 WEST 2022,GET,http://192.168.1.80:3000/ftp/2165178036554708710,403,Forbidden,49,299,2129
155098,Mon May 30 17:43:33 WEST 2022,Mon May 30 17:43:34 WEST 2022,GET,http://192.168.1.80:3000/gb.svg/4251075292067088071,200,OK,81,443,1987
155102,Mon May 30 17:43:34 WEST 2022,Mon May 30 17:43:34 WEST 2022,GET,http://192.168.1.80:3000/gb.svg/4613138275324612663,200,OK,82,443,1987
155108,Mon May 30 17:43:34 WEST 2022,Mon May 30 17:43:34 WEST 2022,GET,http://192.168.1.80:3000/ge.svg/5768983995668300822,200,OK,80,443,1987
155114,Mon May 30 17:43:34 WEST 2022,Mon May 30 17:43:34 WEST 2022,GET,http://192.168.1.80:3000/ge.svg/4847956950731244974,200,OK,86,443,1987
155119,Mon May 30 17:43:34 WEST 2022,Mon May 30 17:43:34 WEST 2022,GET,http://192.168.1.80:3000/gr.svg/1874324468138015209,200,OK,79,443,1987
155123,Mon May 30 17:43:34 WEST 2022,Mon May 30 17:43:34 WEST 2022,GET,http://192.168.1.80:3000/gr.svg/6817138792192440566,200,OK,106,443,1987
155128,Mon May 30 17:43:34 WEST 2022,Mon May 30 17:43:34 WEST 2022,GET,http://192.168.1.80:3000/hk.svg/3293648684549003468,200,OK,124,443,1987
155134,Mon May 30 17:43:34 WEST 2022,Mon May 30 17:43:34 WEST 2022,GET,http://192.168.1.80:3000/hk.svg/6180166019815683843,200,OK,68,443,1987
155139,Mon May 30 17:43:34 WEST 2022,Mon May 30 17:43:34 WEST 2022,GET,http://192.168.1.80:3000/hu.svg/213425040627535068,200,OK,78,443,1987
155143,Mon May 30 17:43:34 WEST 2022,Mon May 30 17:43:34 WEST 2022,GET,http://192.168.1.80:3000/hu.svg/2608233949523664606,200,OK,69,443,1987
155148,Mon May 30 17:43:34 WEST 2022,Mon May 30 17:43:34 WEST 2022,GET,http://192.168.1.80:3000/id.svg/1434328296694579973,200,OK,86,443,1987
155154,Mon May 30 17:43:34 WEST 2022,Mon May 30 17:43:35 WEST 2022,GET,http://192.168.1.80:3000/id.svg/3407325211580101703,200,OK,69,443,1987
155159,Mon May 30 17:43:35 WEST 2022,Mon May 30 17:43:35 WEST 2022,GET,http://192.168.1.80:3000/il.svg/7962441375456104204,200,OK,56,443,1987
155163,Mon May 30 17:43:35 WEST 2022,Mon May 30 17:43:35 WEST 2022,GET,http://192.168.1.80:3000/il.svg/5289428333066168100,200,OK,66,443,1987
155168,Mon May 30 17:43:35 WEST 2022,Mon May 30 17:43:35 WEST 2022,GET,http://192.168.1.80:3000/in.svg/3748444627575876808,200,OK,97,443,1987
155174,Mon May 30 17:43:35 WEST 2022,Mon May 30 17:43:35 WEST 2022,GET,http://192.168.1.80:3000/in.svg/2350836293864147379,200,OK,88,443,1987
155181,Mon May 30 17:43:35 WEST 2022,Mon May 30 17:43:35 WEST 2022,GET,http://192.168.1.80:3000/it.svg/2716551153592484775,200,OK,56,443,1987
155185,Mon May 30 17:43:35 WEST 2022,Mon May 30 17:43:35 WEST 2022,GET,http://192.168.1.80:3000/it.svg/1103851432594875465,200,OK,64,443,1987
155190,Mon May 30 17:43:35 WEST 2022,Mon May 30 17:43:35 WEST 2022,GET,http://192.168.1.80:3000/jp.svg/5244151693822415306,200,OK,48,443,1987
155193,Mon May 30 17:43:35 WEST 2022,Mon May 30 17:43:35 WEST 2022,GET,http://192.168.1.80:3000/jp.svg/3832401808383901663,200,OK,45,443,1987
155199,Mon May 30 17:43:35 WEST 2022,Mon May 30 17:43:35 WEST 2022,GET,http://192.168.1.80:3000/kr.svg/1953121326780710783,200,OK,45,443,1987
155205,Mon May 30 17:43:35 WEST 2022,Mon May 30 17:43:35 WEST 2022,GET,http://192.168.1.80:3000/kr.svg/3835795214692437093,200,OK,41,443,1987
155212,Mon May 30 17:43:35 WEST 2022,Mon May 30 17:43:35 WEST 2022,GET,http://192.168.1.80:3000/latest/7186068501172117115,200,OK,51,443,1987
155216,Mon May 30 17:43:35 WEST 2022,Mon May 30 17:43:35 WEST 2022,GET,http://192.168.1.80:3000/latest/7541244698523604936,200,OK,39,443,1987
155221,Mon May 30 17:43:35 WEST 2022,Mon May 30 17:43:35 WEST 2022,GET,http://192.168.1.80:3000/latest/meta-data/5558470890396120423,200,OK,31,443,1987
155225,Mon May 30 17:43:35 WEST 2022,Mon May 30 17:43:35 WEST 2022,GET,http://192.168.1.80:3000/latest/meta-data/4702821581162433204,200,OK,30,443,1987
155230,Mon May 30 17:43:35 WEST 2022,Mon May 30 17:43:35 WEST 2022,GET,http://192.168.1.80:3000/lv.svg/6414183867958664624,200,OK,28,443,1987
155234,Mon May 30 17:43:35 WEST 2022,Mon May 30 17:43:35 WEST 2022,GET,http://192.168.1.80:3000/lv.svg/104596334389283446,200,OK,30,443,1987
155239,Mon May 30 17:43:35 WEST 2022,Mon May 30 17:43:35 WEST 2022,GET,http://192.168.1.80:3000/main.js/7780697725120648487,200,OK,33,443,1987
155245,Mon May 30 17:43:35 WEST 2022,Mon May 30 17:43:35 WEST 2022,GET,http://192.168.1.80:3000/main.js/6212618523403832072,200,OK,40,443,1987
155250,Mon May 30 17:43:35 WEST 2022,Mon May 30 17:43:36 WEST 2022,GET,http://192.168.1.80:3000/MaterialIcons-Regular.woff2/9021654843124502056,200,OK,18,443,1987
155252,Mon May 30 17:43:36 WEST 2022,Mon May 30 17:43:36 WEST 2022,GET,http://192.168.1.80:3000/MaterialIcons-Regular.woff2/851208721517365114,200,OK,26,443,1987
155255,Mon May 30 17:43:36 WEST 2022,Mon May 30 17:43:36 WEST 2022,GET,http://192.168.1.80:3000/mm.svg/6411366531544008686,200,OK,22,443,1987
155256,Mon May 30 17:43:36 WEST 2022,Mon May 30 17:43:36 WEST 2022,GET,http://192.168.1.80:3000/mm.svg/338810289546952423,200,OK,25,443,1987
155259,Mon May 30 17:43:36 WEST 2022,Mon May 30 17:43:36 WEST 2022,GET,http://192.168.1.80:3000/nl.svg/1246639609293300837,200,OK,16,443,1987
155261,Mon May 30 17:43:36 WEST 2022,Mon May 30 17:43:36 WEST 2022,GET,http://192.168.1.80:3000/nl.svg/6947567789919415905,200,OK,37,443,1987
155265,Mon May 30 17:43:36 WEST 2022,Mon May 30 17:43:36 WEST 2022,GET,http://192.168.1.80:3000/no.svg/1700978010350239031,200,OK,33,443,1987
155267,Mon May 30 17:43:36 WEST 2022,Mon May 30 17:43:36 WEST 2022,GET,http://192.168.1.80:3000/no.svg/4812538551820787349,200,OK,30,443,1987
155270,Mon May 30 17:43:36 WEST 2022,Mon May 30 17:43:36 WEST 2022,GET,http://192.168.1.80:3000/pl.svg/4111691230163992722,200,OK,29,443,1987
155274,Mon May 30 17:43:36 WEST 2022,Mon May 30 17:43:36 WEST 2022,GET,http://192.168.1.80:3000/pl.svg/803575085182019078,200,OK,21,443,1987
155277,Mon May 30 17:43:36 WEST 2022,Mon May 30 17:43:36 WEST 2022,GET,http://192.168.1.80:3000/polyfills.js/286149381499710244,200,OK,18,443,1987
155279,Mon May 30 17:43:36 WEST 2022,Mon May 30 17:43:36 WEST 2022,GET,http://192.168.1.80:3000/polyfills.js/151284416581708596,200,OK,41,443,1987
155282,Mon May 30 17:43:36 WEST 2022,Mon May 30 17:43:36 WEST 2022,GET,http://192.168.1.80:3000/pt.svg/1122497928660666360,200,OK,20,443,1987
155287,Mon May 30 17:43:36 WEST 2022,Mon May 30 17:43:36 WEST 2022,GET,http://192.168.1.80:3000/pt.svg/1003349360113037391,200,OK,62,443,1987
155290,Mon May 30 17:43:36 WEST 2022,Mon May 30 17:43:36 WEST 2022,GET,http://192.168.1.80:3000/rest/6950132197793630849,500,Internal Server Error,9,318,2062
155292,Mon May 30 17:43:36 WEST 2022,Mon May 30 17:43:36 WEST 2022,GET,http://192.168.1.80:3000/rest/admin/1793345330314408076,500,Internal Server Error,32,318,2074
155520,Mon May 30 17:43:36 WEST 2022,Mon May 30 17:43:44 WEST 2022,GET,http://192.168.1.80:3000/rest/basket/3925805217504661196,200,OK,8065,361,30
156146,Mon May 30 17:43:44 WEST 2022,Mon May 30 17:43:54 WEST 2022,GET,http://192.168.1.80:3000/rest/basket/3857807159420206355,200,OK,9569,361,30
156148,Mon May 30 17:43:54 WEST 2022,Mon May 30 17:43:54 WEST 2022,GET,http://192.168.1.80:3000/rest/captcha/6778670893498912851,500,Internal Server Error,11,318,2078
156151,Mon May 30 17:43:54 WEST 2022,Mon May 30 17:43:54 WEST 2022,GET,http://192.168.1.80:3000/rest/memories/7802874427695831110,500,Internal Server Error,12,318,2080
156153,Mon May 30 17:43:54 WEST 2022,Mon May 30 17:43:54 WEST 2022,GET,http://192.168.1.80:3000/rest/products/730476495240037208,500,Internal Server Error,36,318,2078
156155,Mon May 30 17:43:54 WEST 2022,Mon May 30 17:43:54 WEST 2022,GET,http://192.168.1.80:3000/rest/user/6524544511082724629,500,Internal Server Error,10,318,2072
156158,Mon May 30 17:43:54 WEST 2022,Mon May 30 17:43:54 WEST 2022,GET,http://192.168.1.80:3000/ro.svg/589098552327327900,200,OK,49,443,1987
156163,Mon May 30 17:43:54 WEST 2022,Mon May 30 17:43:54 WEST 2022,GET,http://192.168.1.80:3000/ro.svg/9070232757845159626,200,OK,20,443,1987
156166,Mon May 30 17:43:54 WEST 2022,Mon May 30 17:43:54 WEST 2022,GET,http://192.168.1.80:3000/ru.svg/5947010475933226330,200,OK,29,443,1987
156168,Mon May 30 17:43:54 WEST 2022,Mon May 30 17:43:54 WEST 2022,GET,http://192.168.1.80:3000/ru.svg/1566951580685073506,200,OK,21,443,1987
156171,Mon May 30 17:43:54 WEST 2022,Mon May 30 17:43:54 WEST 2022,GET,http://192.168.1.80:3000/runtime.js/8088303784810022635,200,OK,21,443,1987
156173,Mon May 30 17:43:54 WEST 2022,Mon May 30 17:43:54 WEST 2022,GET,http://192.168.1.80:3000/runtime.js/8099900286463421881,200,OK,24,443,1987
156177,Mon May 30 17:43:54 WEST 2022,Mon May 30 17:43:54 WEST 2022,GET,http://192.168.1.80:3000/se.svg/1668675733000218811,200,OK,44,443,1987
156178,Mon May 30 17:43:54 WEST 2022,Mon May 30 17:43:54 WEST 2022,GET,http://192.168.1.80:3000/se.svg/6070219895690404415,200,OK,18,443,1987
156180,Mon May 30 17:43:54 WEST 2022,Mon May 30 17:43:54 WEST 2022,GET,http://192.168.1.80:3000/si.svg/7714335273917427112,200,OK,16,443,1987
156181,Mon May 30 17:43:54 WEST 2022,Mon May 30 17:43:54 WEST 2022,GET,http://192.168.1.80:3000/si.svg/4875799579397141420,200,OK,23,443,1987
156183,Mon May 30 17:43:54 WEST 2022,Mon May 30 17:43:54 WEST 2022,GET,http://192.168.1.80:3000/socket.io/4759294257561998023,400,Bad Request,2,144,40
156185,Mon May 30 17:43:54 WEST 2022,Mon May 30 17:43:54 WEST 2022,GET,http://192.168.1.80:3000/styles.css/7486648453926801813,200,OK,19,443,1987
156188,Mon May 30 17:43:54 WEST 2022,Mon May 30 17:43:54 WEST 2022,GET,http://192.168.1.80:3000/styles.css/5503315504541088234,200,OK,36,443,1987
156190,Mon May 30 17:43:54 WEST 2022,Mon May 30 17:43:54 WEST 2022,GET,http://192.168.1.80:3000/th.svg/3232253027920251108,200,OK,15,443,1987
156191,Mon May 30 17:43:54 WEST 2022,Mon May 30 17:43:54 WEST 2022,GET,http://192.168.1.80:3000/th.svg/7868357533720429481,200,OK,16,443,1987
156193,Mon May 30 17:43:54 WEST 2022,Mon May 30 17:43:54 WEST 2022,GET,http://192.168.1.80:3000/tn.svg/964612919006719501,200,OK,24,443,1987
156194,Mon May 30 17:43:54 WEST 2022,Mon May 30 17:43:54 WEST 2022,GET,http://192.168.1.80:3000/tn.svg/6515665919620344897,200,OK,15,443,1987
156196,Mon May 30 17:43:54 WEST 2022,Mon May 30 17:43:54 WEST 2022,GET,http://192.168.1.80:3000/tr.svg/7099021570182489709,200,OK,17,443,1987
156197,Mon May 30 17:43:54 WEST 2022,Mon May 30 17:43:54 WEST 2022,GET,http://192.168.1.80:3000/tr.svg/1469304224442710562,200,OK,18,443,1987
156199,Mon May 30 17:43:54 WEST 2022,Mon May 30 17:43:54 WEST 2022,GET,http://192.168.1.80:3000/tutorial.js/8197961701084686662,200,OK,14,443,1987
156200,Mon May 30 17:43:54 WEST 2022,Mon May 30 17:43:54 WEST 2022,GET,http://192.168.1.80:3000/tutorial.js/1129766910267141044,200,OK,13,443,1987
156202,Mon May 30 17:43:54 WEST 2022,Mon May 30 17:43:54 WEST 2022,GET,http://192.168.1.80:3000/tw.svg/8368558408594295894,200,OK,20,443,1987
156203,Mon May 30 17:43:54 WEST 2022,Mon May 30 17:43:54 WEST 2022,GET,http://192.168.1.80:3000/tw.svg/3727524391387473010,200,OK,13,443,1987
156205,Mon May 30 17:43:54 WEST 2022,Mon May 30 17:43:54 WEST 2022,GET,http://192.168.1.80:3000/ua.svg/1002303909434745900,200,OK,12,443,1987
156206,Mon May 30 17:43:54 WEST 2022,Mon May 30 17:43:54 WEST 2022,GET,http://192.168.1.80:3000/ua.svg/8223935453432563477,200,OK,30,443,1987
156210,Mon May 30 17:43:54 WEST 2022,Mon May 30 17:43:54 WEST 2022,GET,http://192.168.1.80:3000/us.svg/5154583044397960082,200,OK,14,443,1987
156211,Mon May 30 17:43:54 WEST 2022,Mon May 30 17:43:54 WEST 2022,GET,http://192.168.1.80:3000/us.svg/8815618879694007253,200,OK,17,443,1987
156213,Mon May 30 17:43:54 WEST 2022,Mon May 30 17:43:54 WEST 2022,GET,http://192.168.1.80:3000/vendor.js/6242408763952141512,200,OK,14,443,1987
156214,Mon May 30 17:43:54 WEST 2022,Mon May 30 17:43:54 WEST 2022,GET,http://192.168.1.80:3000/vendor.js/6272360839432968681,200,OK,14,443,1987
156248,Mon May 30 17:43:54 WEST 2022,Mon May 30 17:43:57 WEST 2022,POST,http://192.168.1.80:3000/rest/user/login,401,Unauthorized,2270,364,26
156249,Mon May 30 17:43:54 WEST 2022,Mon May 30 17:43:57 WEST 2022,POST,http://192.168.1.80:3000/rest/user/login,401,Unauthorized,2272,364,26
156301,Mon May 30 17:43:57 WEST 2022,Mon May 30 17:43:58 WEST 2022,POST,http://192.168.1.80:3000/rest/user/login,401,Unauthorized,1190,364,26
156304,Mon May 30 17:43:57 WEST 2022,Mon May 30 17:43:58 WEST 2022,POST,http://192.168.1.80:3000/rest/user/login,401,Unauthorized,1215,364,26
156309,Mon May 30 17:43:58 WEST 2022,Mon May 30 17:43:58 WEST 2022,POST,http://192.168.1.80:3000/rest/user/login,401,Unauthorized,304,364,26
156310,Mon May 30 17:43:58 WEST 2022,Mon May 30 17:43:58 WEST 2022,POST,http://192.168.1.80:3000/rest/user/login,401,Unauthorized,336,364,26
156313,Mon May 30 17:43:58 WEST 2022,Mon May 30 17:43:58 WEST 2022,POST,http://192.168.1.80:3000/rest/user/login,401,Unauthorized,181,364,26
156314,Mon May 30 17:43:58 WEST 2022,Mon May 30 17:43:58 WEST 2022,POST,http://192.168.1.80:3000/rest/user/login,401,Unauthorized,200,364,26
156316,Mon May 30 17:43:58 WEST 2022,Mon May 30 17:43:59 WEST 2022,POST,http://192.168.1.80:3000/rest/user/login,401,Unauthorized,150,364,26
156318,Mon May 30 17:43:59 WEST 2022,Mon May 30 17:43:59 WEST 2022,POST,http://192.168.1.80:3000/rest/user/login,401,Unauthorized,124,364,26
156319,Mon May 30 17:43:59 WEST 2022,Mon May 30 17:43:59 WEST 2022,POST,http://192.168.1.80:3000/rest/user/login,401,Unauthorized,537,364,26
156320,Mon May 30 17:43:59 WEST 2022,Mon May 30 17:43:59 WEST 2022,POST,http://192.168.1.80:3000/rest/user/login,401,Unauthorized,524,364,26
156321,Mon May 30 17:43:59 WEST 2022,Mon May 30 17:43:59 WEST 2022,POST,http://192.168.1.80:3000/rest/user/login,401,Unauthorized,57,364,26
156322,Mon May 30 17:43:59 WEST 2022,Mon May 30 17:43:59 WEST 2022,POST,http://192.168.1.80:3000/rest/user/login,401,Unauthorized,52,364,26
156323,Mon May 30 17:43:59 WEST 2022,Mon May 30 17:43:59 WEST 2022,POST,http://192.168.1.80:3000/rest/user/login,401,Unauthorized,45,364,26
156325,Mon May 30 17:43:59 WEST 2022,Mon May 30 17:43:59 WEST 2022,POST,http://192.168.1.80:3000/rest/user/login,401,Unauthorized,51,364,26
156329,Mon May 30 17:43:59 WEST 2022,Mon May 30 17:43:59 WEST 2022,POST,http://192.168.1.80:3000/rest/user/login,401,Unauthorized,63,364,26
156334,Mon May 30 17:43:59 WEST 2022,Mon May 30 17:43:59 WEST 2022,POST,http://192.168.1.80:3000/rest/user/login,401,Unauthorized,85,364,26
156338,Mon May 30 17:43:59 WEST 2022,Mon May 30 17:43:59 WEST 2022,POST,http://192.168.1.80:3000/rest/user/login,401,Unauthorized,71,364,26
156345,Mon May 30 17:43:59 WEST 2022,Mon May 30 17:43:59 WEST 2022,POST,http://192.168.1.80:3000/rest/user/login,401,Unauthorized,67,364,26
156349,Mon May 30 17:43:59 WEST 2022,Mon May 30 17:43:59 WEST 2022,POST,http://192.168.1.80:3000/rest/user/login,401,Unauthorized,66,364,26
156352,Mon May 30 17:43:59 WEST 2022,Mon May 30 17:43:59 WEST 2022,POST,http://192.168.1.80:3000/rest/user/login,401,Unauthorized,60,364,26
156353,Mon May 30 17:43:59 WEST 2022,Mon May 30 17:44:00 WEST 2022,POST,http://192.168.1.80:3000/rest/user/login,401,Unauthorized,59,364,26
156354,Mon May 30 17:43:59 WEST 2022,Mon May 30 17:44:00 WEST 2022,POST,http://192.168.1.80:3000/rest/user/login,401,Unauthorized,60,364,26
156355,Mon May 30 17:44:00 WEST 2022,Mon May 30 17:44:00 WEST 2022,POST,http://192.168.1.80:3000/rest/user/login,401,Unauthorized,53,364,26
156356,Mon May 30 17:44:00 WEST 2022,Mon May 30 17:44:00 WEST 2022,POST,http://192.168.1.80:3000/rest/user/login,401,Unauthorized,47,364,26
156359,Mon May 30 17:44:00 WEST 2022,Mon May 30 17:44:00 WEST 2022,POST,http://192.168.1.80:3000/rest/user/login,401,Unauthorized,78,364,26
156360,Mon May 30 17:44:00 WEST 2022,Mon May 30 17:44:00 WEST 2022,POST,http://192.168.1.80:3000/rest/user/login,401,Unauthorized,88,364,26
156361,Mon May 30 17:44:00 WEST 2022,Mon May 30 17:44:00 WEST 2022,POST,http://192.168.1.80:3000/rest/user/login,401,Unauthorized,62,364,26
156362,Mon May 30 17:44:00 WEST 2022,Mon May 30 17:44:00 WEST 2022,POST,http://192.168.1.80:3000/rest/user/login,401,Unauthorized,61,364,26
156363,Mon May 30 17:44:00 WEST 2022,Mon May 30 17:44:00 WEST 2022,POST,http://192.168.1.80:3000/rest/user/login,401,Unauthorized,58,364,26
156364,Mon May 30 17:44:00 WEST 2022,Mon May 30 17:44:00 WEST 2022,POST,http://192.168.1.80:3000/rest/user/login,401,Unauthorized,58,364,26
156367,Mon May 30 17:44:00 WEST 2022,Mon May 30 17:44:00 WEST 2022,POST,http://192.168.1.80:3000/rest/user/login,401,Unauthorized,65,364,26
156373,Mon May 30 17:44:00 WEST 2022,Mon May 30 17:44:00 WEST 2022,POST,http://192.168.1.80:3000/rest/user/login,401,Unauthorized,82,364,26
156378,Mon May 30 17:44:00 WEST 2022,Mon May 30 17:44:00 WEST 2022,POST,http://192.168.1.80:3000/rest/user/login,401,Unauthorized,81,364,26
156383,Mon May 30 17:44:00 WEST 2022,Mon May 30 17:44:00 WEST 2022,POST,http://192.168.1.80:3000/rest/user/login,401,Unauthorized,78,364,26
156390,Mon May 30 17:44:00 WEST 2022,Mon May 30 17:44:00 WEST 2022,POST,http://192.168.1.80:3000/rest/user/login,200,OK,82,363,838
156396,Mon May 30 17:44:00 WEST 2022,Mon May 30 17:44:00 WEST 2022,POST,http://192.168.1.80:3000/rest/user/login,401,Unauthorized,92,364,26
156399,Mon May 30 17:44:00 WEST 2022,Mon May 30 17:44:00 WEST 2022,POST,http://192.168.1.80:3000/rest/user/login,200,OK,88,363,838
156400,Mon May 30 17:44:00 WEST 2022,Mon May 30 17:44:00 WEST 2022,POST,http://192.168.1.80:3000/rest/user/login,401,Unauthorized,83,364,26
156401,Mon May 30 17:44:00 WEST 2022,Mon May 30 17:44:00 WEST 2022,POST,http://192.168.1.80:3000/rest/user/login,200,OK,60,363,838
156402,Mon May 30 17:44:00 WEST 2022,Mon May 30 17:44:00 WEST 2022,POST,http://192.168.1.80:3000/rest/user/login,401,Unauthorized,44,364,26
156403,Mon May 30 17:44:00 WEST 2022,Mon May 30 17:44:00 WEST 2022,POST,http://192.168.1.80:3000/rest/user/login,200,OK,58,363,838
156405,Mon May 30 17:44:00 WEST 2022,Mon May 30 17:44:00 WEST 2022,POST,http://192.168.1.80:3000/rest/user/login,401,Unauthorized,83,364,26
156407,Mon May 30 17:44:00 WEST 2022,Mon May 30 17:44:00 WEST 2022,POST,http://192.168.1.80:3000/rest/user/login,200,OK,78,363,838
156408,Mon May 30 17:44:00 WEST 2022,Mon May 30 17:44:00 WEST 2022,POST,http://192.168.1.80:3000/rest/user/login,401,Unauthorized,67,364,26
156409,Mon May 30 17:44:00 WEST 2022,Mon May 30 17:44:00 WEST 2022,POST,http://192.168.1.80:3000/rest/user/login,200,OK,75,363,838
156410,Mon May 30 17:44:00 WEST 2022,Mon May 30 17:44:00 WEST 2022,POST,http://192.168.1.80:3000/rest/user/login,401,Unauthorized,90,364,26
156412,Mon May 30 17:44:00 WEST 2022,Mon May 30 17:44:00 WEST 2022,POST,http://192.168.1.80:3000/rest/user/login,200,OK,117,363,838
156421,Mon May 30 17:44:00 WEST 2022,Mon May 30 17:44:01 WEST 2022,POST,http://192.168.1.80:3000/rest/user/login,401,Unauthorized,186,364,26
156445,Mon May 30 17:44:00 WEST 2022,Mon May 30 17:44:01 WEST 2022,POST,http://192.168.1.80:3000/rest/user/login,200,OK,330,363,838
156454,Mon May 30 17:44:01 WEST 2022,Mon May 30 17:44:01 WEST 2022,POST,http://192.168.1.80:3000/rest/user/login,401,Unauthorized,304,364,26
156502,Mon May 30 17:44:01 WEST 2022,Mon May 30 17:44:02 WEST 2022,POST,http://192.168.1.80:3000/rest/user/login,200,OK,730,363,838
156510,Mon May 30 17:44:01 WEST 2022,Mon May 30 17:44:02 WEST 2022,POST,http://192.168.1.80:3000/rest/user/login,401,Unauthorized,739,364,26
156994,Mon May 30 17:44:02 WEST 2022,Mon May 30 17:44:07 WEST 2022,POST,http://192.168.1.80:3000/rest/user/login,200,OK,5802,363,838
157010,Mon May 30 17:44:02 WEST 2022,Mon May 30 17:44:08 WEST 2022,POST,http://192.168.1.80:3000/rest/user/login,401,Unauthorized,6587,364,26
157160,Mon May 30 17:44:07 WEST 2022,Mon May 30 17:44:13 WEST 2022,POST,http://192.168.1.80:3000/rest/user/login,200,OK,5279,363,838
157161,Mon May 30 17:44:08 WEST 2022,Mon May 30 17:44:13 WEST 2022,POST,http://192.168.1.80:3000/rest/user/login,401,Unauthorized,4454,364,26
157321,Mon May 30 17:44:13 WEST 2022,Mon May 30 17:44:17 WEST 2022,POST,http://192.168.1.80:3000/rest/user/login,200,OK,4018,363,838
157337,Mon May 30 17:44:13 WEST 2022,Mon May 30 17:44:17 WEST 2022,POST,http://192.168.1.80:3000/rest/user/login,401,Unauthorized,4127,364,26
157526,Mon May 30 17:44:17 WEST 2022,Mon May 30 17:44:21 WEST 2022,POST,http://192.168.1.80:3000/rest/user/login,200,OK,4439,363,838
157544,Mon May 30 17:44:17 WEST 2022,Mon May 30 17:44:21 WEST 2022,POST,http://192.168.1.80:3000/rest/user/login,401,Unauthorized,4443,364,26
157845,Mon May 30 17:44:21 WEST 2022,Mon May 30 17:44:26 WEST 2022,POST,http://192.168.1.80:3000/rest/user/login,401,Unauthorized,4844,364,26
157846,Mon May 30 17:44:21 WEST 2022,Mon May 30 17:44:26 WEST 2022,POST,http://192.168.1.80:3000/rest/user/login,200,OK,4963,363,838
158251,Mon May 30 17:44:26 WEST 2022,Mon May 30 17:44:35 WEST 2022,POST,http://192.168.1.80:3000/rest/user/login,401,Unauthorized,8703,364,26
158255,Mon May 30 17:44:26 WEST 2022,Mon May 30 17:44:35 WEST 2022,POST,http://192.168.1.80:3000/rest/user/login,200,OK,8756,363,838
158289,Mon May 30 17:44:35 WEST 2022,Mon May 30 17:44:40 WEST 2022,POST,http://192.168.1.80:3000/rest/user/login,401,Unauthorized,5399,364,26
158290,Mon May 30 17:44:35 WEST 2022,Mon May 30 17:44:40 WEST 2022,POST,http://192.168.1.80:3000/rest/user/login,401,Unauthorized,5454,364,26
158295,Mon May 30 17:44:40 WEST 2022,Mon May 30 17:44:43 WEST 2022,POST,http://192.168.1.80:3000/rest/user/login,401,Unauthorized,2362,364,26
158296,Mon May 30 17:44:40 WEST 2022,Mon May 30 17:44:43 WEST 2022,POST,http://192.168.1.80:3000/rest/user/login,401,Unauthorized,2376,364,26
158298,Mon May 30 17:44:43 WEST 2022,Mon May 30 17:44:43 WEST 2022,POST,http://192.168.1.80:3000/rest/user/login,401,Unauthorized,229,364,26
158299,Mon May 30 17:44:43 WEST 2022,Mon May 30 17:44:43 WEST 2022,POST,http://192.168.1.80:3000/rest/user/login,401,Unauthorized,204,364,26
158300,Mon May 30 17:44:44 WEST 2022,Mon May 30 17:44:45 WEST 2022,POST,http://192.168.1.80:3000/rest/user/login,401,Unauthorized,50,364,26
158301,Mon May 30 17:44:45 WEST 2022,Mon May 30 17:44:45 WEST 2022,POST,http://192.168.1.80:3000/rest/user/login,401,Unauthorized,39,364,26
158303,Mon May 30 17:44:45 WEST 2022,Mon May 30 17:44:45 WEST 2022,POST,http://192.168.1.80:3000/rest/user/login,401,Unauthorized,30,364,26
158304,Mon May 30 17:44:45 WEST 2022,Mon May 30 17:44:45 WEST 2022,POST,http://192.168.1.80:3000/rest/user/login,401,Unauthorized,41,364,26
158305,Mon May 30 17:44:45 WEST 2022,Mon May 30 17:44:45 WEST 2022,POST,http://192.168.1.80:3000/rest/user/login,401,Unauthorized,130,364,26
158308,Mon May 30 17:44:45 WEST 2022,Mon May 30 17:44:45 WEST 2022,POST,http://192.168.1.80:3000/rest/user/login,401,Unauthorized,167,364,26
158310,Mon May 30 17:44:45 WEST 2022,Mon May 30 17:44:45 WEST 2022,POST,http://192.168.1.80:3000/rest/user/login,401,Unauthorized,139,364,26
158311,Mon May 30 17:44:45 WEST 2022,Mon May 30 17:44:45 WEST 2022,POST,http://192.168.1.80:3000/rest/user/login,401,Unauthorized,105,364,26
158312,Mon May 30 17:44:45 WEST 2022,Mon May 30 17:44:45 WEST 2022,POST,http://192.168.1.80:3000/rest/user/login,401,Unauthorized,104,364,26
158313,Mon May 30 17:44:45 WEST 2022,Mon May 30 17:44:45 WEST 2022,POST,http://192.168.1.80:3000/rest/user/login,401,Unauthorized,122,364,26
158317,Mon May 30 17:44:45 WEST 2022,Mon May 30 17:44:46 WEST 2022,POST,http://192.168.1.80:3000/rest/user/login,401,Unauthorized,198,364,26
158318,Mon May 30 17:44:45 WEST 2022,Mon May 30 17:44:46 WEST 2022,POST,http://192.168.1.80:3000/rest/user/login,401,Unauthorized,397,364,26
158320,Mon May 30 17:44:46 WEST 2022,Mon May 30 17:44:47 WEST 2022,POST,http://192.168.1.80:3000/rest/user/login,401,Unauthorized,1219,364,26
158323,Mon May 30 17:44:46 WEST 2022,Mon May 30 17:44:47 WEST 2022,POST,http://192.168.1.80:3000/rest/user/login,401,Unauthorized,713,364,26
158324,Mon May 30 17:44:47 WEST 2022,Mon May 30 17:44:47 WEST 2022,POST,http://192.168.1.80:3000/rest/user/login,401,Unauthorized,79,364,26
158325,Mon May 30 17:44:47 WEST 2022,Mon May 30 17:44:47 WEST 2022,POST,http://192.168.1.80:3000/rest/user/login,401,Unauthorized,67,364,26
158326,Mon May 30 17:44:47 WEST 2022,Mon May 30 17:44:47 WEST 2022,POST,http://192.168.1.80:3000/rest/user/login,401,Unauthorized,58,364,26
158327,Mon May 30 17:44:47 WEST 2022,Mon May 30 17:44:47 WEST 2022,POST,http://192.168.1.80:3000/rest/user/login,401,Unauthorized,65,364,26
158328,Mon May 30 17:44:47 WEST 2022,Mon May 30 17:44:47 WEST 2022,POST,http://192.168.1.80:3000/rest/user/login,401,Unauthorized,50,364,26
158329,Mon May 30 17:44:47 WEST 2022,Mon May 30 17:44:47 WEST 2022,POST,http://192.168.1.80:3000/rest/user/login,401,Unauthorized,61,364,26
158330,Mon May 30 17:44:47 WEST 2022,Mon May 30 17:44:47 WEST 2022,POST,http://192.168.1.80:3000/rest/user/login,401,Unauthorized,62,364,26
158331,Mon May 30 17:44:47 WEST 2022,Mon May 30 17:44:47 WEST 2022,POST,http://192.168.1.80:3000/rest/user/login,401,Unauthorized,44,364,26
158332,Mon May 30 17:44:47 WEST 2022,Mon May 30 17:44:47 WEST 2022,POST,http://192.168.1.80:3000/rest/user/login,401,Unauthorized,41,364,26
158333,Mon May 30 17:44:47 WEST 2022,Mon May 30 17:44:47 WEST 2022,POST,http://192.168.1.80:3000/rest/user/login,401,Unauthorized,31,364,26
158334,Mon May 30 17:44:47 WEST 2022,Mon May 30 17:44:47 WEST 2022,POST,http://192.168.1.80:3000/rest/user/login,401,Unauthorized,32,364,26
158335,Mon May 30 17:44:47 WEST 2022,Mon May 30 17:44:47 WEST 2022,POST,http://192.168.1.80:3000/rest/user/login,401,Unauthorized,36,364,26
158336,Mon May 30 17:44:47 WEST 2022,Mon May 30 17:44:47 WEST 2022,POST,http://192.168.1.80:3000/rest/user/login,401,Unauthorized,44,364,26
158337,Mon May 30 17:44:47 WEST 2022,Mon May 30 17:44:47 WEST 2022,POST,http://192.168.1.80:3000/rest/user/login,401,Unauthorized,64,364,26
158338,Mon May 30 17:44:47 WEST 2022,Mon May 30 17:44:47 WEST 2022,POST,http://192.168.1.80:3000/rest/user/login,401,Unauthorized,49,364,26
158339,Mon May 30 17:44:47 WEST 2022,Mon May 30 17:44:47 WEST 2022,POST,http://192.168.1.80:3000/rest/user/login,401,Unauthorized,37,364,26
158340,Mon May 30 17:44:47 WEST 2022,Mon May 30 17:44:47 WEST 2022,POST,http://192.168.1.80:3000/rest/user/login,401,Unauthorized,38,364,26
158341,Mon May 30 17:44:47 WEST 2022,Mon May 30 17:44:47 WEST 2022,POST,http://192.168.1.80:3000/rest/user/login,401,Unauthorized,67,364,26
158342,Mon May 30 17:44:47 WEST 2022,Mon May 30 17:44:47 WEST 2022,POST,http://192.168.1.80:3000/rest/user/login,401,Unauthorized,39,364,26
158343,Mon May 30 17:44:47 WEST 2022,Mon May 30 17:44:47 WEST 2022,POST,http://192.168.1.80:3000/rest/user/login,401,Unauthorized,56,364,26
158344,Mon May 30 17:44:47 WEST 2022,Mon May 30 17:44:47 WEST 2022,POST,http://192.168.1.80:3000/rest/user/login,401,Unauthorized,93,364,26
158345,Mon May 30 17:44:47 WEST 2022,Mon May 30 17:44:48 WEST 2022,POST,http://192.168.1.80:3000/rest/user/login,401,Unauthorized,68,364,26
158346,Mon May 30 17:44:47 WEST 2022,Mon May 30 17:44:48 WEST 2022,POST,http://192.168.1.80:3000/rest/user/login,401,Unauthorized,52,364,26
158347,Mon May 30 17:44:48 WEST 2022,Mon May 30 17:44:48 WEST 2022,POST,http://192.168.1.80:3000/rest/user/login,401,Unauthorized,66,364,26
158348,Mon May 30 17:44:48 WEST 2022,Mon May 30 17:44:48 WEST 2022,POST,http://192.168.1.80:3000/rest/user/login,401,Unauthorized,62,364,26
158349,Mon May 30 17:44:48 WEST 2022,Mon May 30 17:44:48 WEST 2022,POST,http://192.168.1.80:3000/rest/user/login,401,Unauthorized,56,364,26
158350,Mon May 30 17:44:48 WEST 2022,Mon May 30 17:44:48 WEST 2022,POST,http://192.168.1.80:3000/rest/user/login,401,Unauthorized,47,364,26
158351,Mon May 30 17:44:48 WEST 2022,Mon May 30 17:44:48 WEST 2022,POST,http://192.168.1.80:3000/rest/user/login,401,Unauthorized,45,364,26
158352,Mon May 30 17:44:48 WEST 2022,Mon May 30 17:44:48 WEST 2022,POST,http://192.168.1.80:3000/rest/user/login,401,Unauthorized,32,364,26
158353,Mon May 30 17:44:48 WEST 2022,Mon May 30 17:44:48 WEST 2022,POST,http://192.168.1.80:3000/rest/user/login,401,Unauthorized,34,364,26
158354,Mon May 30 17:44:48 WEST 2022,Mon May 30 17:44:48 WEST 2022,POST,http://192.168.1.80:3000/rest/user/login,401,Unauthorized,36,364,26
158355,Mon May 30 17:44:48 WEST 2022,Mon May 30 17:44:48 WEST 2022,POST,http://192.168.1.80:3000/rest/user/login,401,Unauthorized,25,364,26
158356,Mon May 30 17:44:48 WEST 2022,Mon May 30 17:44:48 WEST 2022,POST,http://192.168.1.80:3000/rest/user/login,401,Unauthorized,23,364,26
158357,Mon May 30 17:44:48 WEST 2022,Mon May 30 17:44:48 WEST 2022,POST,http://192.168.1.80:3000/rest/user/login,401,Unauthorized,46,364,26
158358,Mon May 30 17:44:48 WEST 2022,Mon May 30 17:44:48 WEST 2022,POST,http://192.168.1.80:3000/rest/user/login,401,Unauthorized,48,364,26
158359,Mon May 30 17:44:48 WEST 2022,Mon May 30 17:44:48 WEST 2022,POST,http://192.168.1.80:3000/rest/user/login,401,Unauthorized,44,364,26
158360,Mon May 30 17:44:48 WEST 2022,Mon May 30 17:44:48 WEST 2022,POST,http://192.168.1.80:3000/rest/user/login,401,Unauthorized,46,364,26
158361,Mon May 30 17:44:48 WEST 2022,Mon May 30 17:44:48 WEST 2022,POST,http://192.168.1.80:3000/rest/user/login,401,Unauthorized,39,364,26
158362,Mon May 30 17:44:48 WEST 2022,Mon May 30 17:44:48 WEST 2022,POST,http://192.168.1.80:3000/rest/user/login,401,Unauthorized,37,364,26
158363,Mon May 30 17:44:48 WEST 2022,Mon May 30 17:44:48 WEST 2022,POST,http://192.168.1.80:3000/rest/user/login,401,Unauthorized,66,364,26
158364,Mon May 30 17:44:48 WEST 2022,Mon May 30 17:44:48 WEST 2022,POST,http://192.168.1.80:3000/rest/user/login,401,Unauthorized,68,364,26
158365,Mon May 30 17:44:48 WEST 2022,Mon May 30 17:44:48 WEST 2022,POST,http://192.168.1.80:3000/rest/user/login,401,Unauthorized,60,364,26
158366,Mon May 30 17:44:48 WEST 2022,Mon May 30 17:44:48 WEST 2022,POST,http://192.168.1.80:3000/rest/user/login,401,Unauthorized,67,364,26
158367,Mon May 30 17:44:48 WEST 2022,Mon May 30 17:44:48 WEST 2022,POST,http://192.168.1.80:3000/rest/user/login,401,Unauthorized,55,364,26
158368,Mon May 30 17:44:48 WEST 2022,Mon May 30 17:44:48 WEST 2022,POST,http://192.168.1.80:3000/rest/user/login,401,Unauthorized,63,364,26
158369,Mon May 30 17:44:48 WEST 2022,Mon May 30 17:44:48 WEST 2022,POST,http://192.168.1.80:3000/rest/user/login,401,Unauthorized,55,364,26
158370,Mon May 30 17:44:48 WEST 2022,Mon May 30 17:44:48 WEST 2022,POST,http://192.168.1.80:3000/rest/user/login,401,Unauthorized,51,364,26
158371,Mon May 30 17:44:48 WEST 2022,Mon May 30 17:44:48 WEST 2022,POST,http://192.168.1.80:3000/rest/user/login,401,Unauthorized,65,364,26
158372,Mon May 30 17:44:48 WEST 2022,Mon May 30 17:44:48 WEST 2022,POST,http://192.168.1.80:3000/rest/user/login,401,Unauthorized,79,364,26
158373,Mon May 30 17:44:48 WEST 2022,Mon May 30 17:44:49 WEST 2022,POST,http://192.168.1.80:3000/rest/user/login,401,Unauthorized,177,364,26
158375,Mon May 30 17:44:49 WEST 2022,Mon May 30 17:44:49 WEST 2022,POST,http://192.168.1.80:3000/rest/user/login,401,Unauthorized,176,364,26
158376,Mon May 30 17:44:48 WEST 2022,Mon May 30 17:44:49 WEST 2022,POST,http://192.168.1.80:3000/rest/user/login,401,Unauthorized,344,364,26
158378,Mon May 30 17:44:49 WEST 2022,Mon May 30 17:44:49 WEST 2022,POST,http://192.168.1.80:3000/rest/user/login,401,Unauthorized,26,364,26
158379,Mon May 30 17:44:49 WEST 2022,Mon May 30 17:44:49 WEST 2022,POST,http://192.168.1.80:3000/rest/user/login,401,Unauthorized,36,364,26
158381,Mon May 30 17:44:49 WEST 2022,Mon May 30 17:44:49 WEST 2022,POST,http://192.168.1.80:3000/rest/user/login,401,Unauthorized,71,364,26
158383,Mon May 30 17:44:49 WEST 2022,Mon May 30 17:44:49 WEST 2022,POST,http://192.168.1.80:3000/rest/user/login,401,Unauthorized,64,364,26
158387,Mon May 30 17:44:49 WEST 2022,Mon May 30 17:44:49 WEST 2022,POST,http://192.168.1.80:3000/rest/user/login,401,Unauthorized,93,364,26
158392,Mon May 30 17:44:49 WEST 2022,Mon May 30 17:44:49 WEST 2022,POST,http://192.168.1.80:3000/rest/user/login,401,Unauthorized,185,364,26
158396,Mon May 30 17:44:49 WEST 2022,Mon May 30 17:44:49 WEST 2022,POST,http://192.168.1.80:3000/rest/user/login,401,Unauthorized,219,364,26
158401,Mon May 30 17:44:49 WEST 2022,Mon May 30 17:44:50 WEST 2022,POST,http://192.168.1.80:3000/rest/user/login,401,Unauthorized,322,364,26
158408,Mon May 30 17:44:50 WEST 2022,Mon May 30 17:44:50 WEST 2022,POST,http://192.168.1.80:3000/rest/user/login,401,Unauthorized,233,364,26
158409,Mon May 30 17:44:49 WEST 2022,Mon May 30 17:44:50 WEST 2022,POST,http://192.168.1.80:3000/rest/user/login,401,Unauthorized,403,364,26
158410,Mon May 30 17:44:50 WEST 2022,Mon May 30 17:44:50 WEST 2022,POST,http://192.168.1.80:3000/rest/user/login,401,Unauthorized,40,364,26
158412,Mon May 30 17:44:50 WEST 2022,Mon May 30 17:44:50 WEST 2022,POST,http://192.168.1.80:3000/rest/user/login,401,Unauthorized,152,364,26
158413,Mon May 30 17:44:50 WEST 2022,Mon May 30 17:44:50 WEST 2022,POST,http://192.168.1.80:3000/rest/user/login,401,Unauthorized,182,364,26
158416,Mon May 30 17:44:50 WEST 2022,Mon May 30 17:44:51 WEST 2022,POST,http://192.168.1.80:3000/rest/user/login,401,Unauthorized,208,364,26
158417,Mon May 30 17:44:51 WEST 2022,Mon May 30 17:44:51 WEST 2022,POST,http://192.168.1.80:3000/rest/user/login,401,Unauthorized,114,364,26
158426,Mon May 30 17:44:51 WEST 2022,Mon May 30 17:44:51 WEST 2022,POST,http://192.168.1.80:3000/rest/user/login,401,Unauthorized,195,364,26
158440,Mon May 30 17:44:51 WEST 2022,Mon May 30 17:44:52 WEST 2022,POST,http://192.168.1.80:3000/rest/user/login,401,Unauthorized,371,364,26
158442,Mon May 30 17:44:51 WEST 2022,Mon May 30 17:44:52 WEST 2022,POST,http://192.168.1.80:3000/rest/user/login,401,Unauthorized,297,364,26
158443,Mon May 30 17:44:52 WEST 2022,Mon May 30 17:44:52 WEST 2022,POST,http://192.168.1.80:3000/rest/user/login,401,Unauthorized,160,364,26
158445,Mon May 30 17:44:52 WEST 2022,Mon May 30 17:44:52 WEST 2022,POST,http://192.168.1.80:3000/rest/user/login,401,Unauthorized,177,364,26
158449,Mon May 30 17:44:52 WEST 2022,Mon May 30 17:44:52 WEST 2022,POST,http://192.168.1.80:3000/rest/user/login,401,Unauthorized,191,364,26
158452,Mon May 30 17:44:52 WEST 2022,Mon May 30 17:44:52 WEST 2022,POST,http://192.168.1.80:3000/rest/user/login,401,Unauthorized,199,364,26
158455,Mon May 30 17:44:52 WEST 2022,Mon May 30 17:44:52 WEST 2022,POST,http://192.168.1.80:3000/rest/user/login,401,Unauthorized,177,364,26
158456,Mon May 30 17:44:52 WEST 2022,Mon May 30 17:44:52 WEST 2022,POST,http://192.168.1.80:3000/rest/user/login,401,Unauthorized,86,364,26
158459,Mon May 30 17:44:52 WEST 2022,Mon May 30 17:44:52 WEST 2022,POST,http://192.168.1.80:3000/rest/user/login,401,Unauthorized,98,364,26
158460,Mon May 30 17:44:52 WEST 2022,Mon May 30 17:44:52 WEST 2022,POST,http://192.168.1.80:3000/rest/user/login,401,Unauthorized,92,364,26
158463,Mon May 30 17:44:53 WEST 2022,Mon May 30 17:44:53 WEST 2022,POST,http://192.168.1.80:3000/rest/user/login,401,Unauthorized,40,364,26
158466,Mon May 30 17:44:53 WEST 2022,Mon May 30 17:44:53 WEST 2022,POST,http://192.168.1.80:3000/rest/user/login,401,Unauthorized,47,364,26
158471,Mon May 30 17:44:53 WEST 2022,Mon May 30 17:44:53 WEST 2022,POST,http://192.168.1.80:3000/rest/user/login,401,Unauthorized,99,364,26
158486,Mon May 30 17:44:53 WEST 2022,Mon May 30 17:44:53 WEST 2022,POST,http://192.168.1.80:3000/rest/user/login,401,Unauthorized,335,364,26
158510,Mon May 30 17:44:53 WEST 2022,Mon May 30 17:44:54 WEST 2022,POST,http://192.168.1.80:3000/rest/user/login,401,Unauthorized,600,364,26
158523,Mon May 30 17:44:53 WEST 2022,Mon May 30 17:44:54 WEST 2022,POST,http://192.168.1.80:3000/rest/user/login,401,Unauthorized,640,364,26
158536,Mon May 30 17:44:54 WEST 2022,Mon May 30 17:44:54 WEST 2022,POST,http://192.168.1.80:3000/rest/user/login,401,Unauthorized,842,364,26
158597,Mon May 30 17:44:54 WEST 2022,Mon May 30 17:44:56 WEST 2022,POST,http://192.168.1.80:3000/rest/user/login,401,Unauthorized,1822,364,26
158598,Mon May 30 17:44:54 WEST 2022,Mon May 30 17:44:56 WEST 2022,POST,http://192.168.1.80:3000/rest/user/login,401,Unauthorized,2204,364,26
158607,Mon May 30 17:44:56 WEST 2022,Mon May 30 17:44:57 WEST 2022,POST,http://192.168.1.80:3000/rest/user/login,401,Unauthorized,549,364,26
158611,Mon May 30 17:44:57 WEST 2022,Mon May 30 17:44:57 WEST 2022,POST,http://192.168.1.80:3000/rest/user/login,401,Unauthorized,461,364,26
158628,Mon May 30 17:44:57 WEST 2022,Mon May 30 17:44:57 WEST 2022,POST,http://192.168.1.80:3000/rest/user/login,401,Unauthorized,479,364,26
158633,Mon May 30 17:44:57 WEST 2022,Mon May 30 17:44:57 WEST 2022,POST,http://192.168.1.80:3000/rest/user/login,401,Unauthorized,441,364,26
158657,Mon May 30 17:44:57 WEST 2022,Mon May 30 17:44:58 WEST 2022,POST,http://192.168.1.80:3000/rest/user/login,401,Unauthorized,747,364,26
158668,Mon May 30 17:44:57 WEST 2022,Mon May 30 17:44:58 WEST 2022,POST,http://192.168.1.80:3000/rest/user/login,401,Unauthorized,951,364,26
158697,Mon May 30 17:44:58 WEST 2022,Mon May 30 17:45:00 WEST 2022,POST,http://192.168.1.80:3000/rest/user/login,401,Unauthorized,1192,364,26
158698,Mon May 30 17:44:58 WEST 2022,Mon May 30 17:45:00 WEST 2022,POST,http://192.168.1.80:3000/rest/user/login,401,Unauthorized,1453,364,26
158701,Mon May 30 17:45:00 WEST 2022,Mon May 30 17:45:00 WEST 2022,POST,http://192.168.1.80:3000/rest/user/login,401,Unauthorized,318,364,26
158704,Mon May 30 17:45:00 WEST 2022,Mon May 30 17:45:00 WEST 2022,POST,http://192.168.1.80:3000/rest/user/login,401,Unauthorized,325,364,26
158706,Mon May 30 17:45:00 WEST 2022,Mon May 30 17:45:00 WEST 2022,POST,http://192.168.1.80:3000/rest/user/login,401,Unauthorized,34,364,26
158708,Mon May 30 17:45:01 WEST 2022,Mon May 30 17:45:01 WEST 2022,POST,http://192.168.1.80:3000/rest/user/login,401,Unauthorized,70,364,26
158716,Mon May 30 17:45:01 WEST 2022,Mon May 30 17:45:01 WEST 2022,POST,http://192.168.1.80:3000/rest/user/login,401,Unauthorized,205,364,26
158722,Mon May 30 17:45:01 WEST 2022,Mon May 30 17:45:01 WEST 2022,POST,http://192.168.1.80:3000/rest/user/login,401,Unauthorized,364,364,26
158723,Mon May 30 17:45:01 WEST 2022,Mon May 30 17:45:01 WEST 2022,POST,http://192.168.1.80:3000/rest/user/login,401,Unauthorized,499,364,26
158724,Mon May 30 17:45:01 WEST 2022,Mon May 30 17:45:01 WEST 2022,POST,http://192.168.1.80:3000/rest/user/login,401,Unauthorized,69,364,26
158729,Mon May 30 17:45:01 WEST 2022,Mon May 30 17:45:01 WEST 2022,POST,http://192.168.1.80:3000/rest/user/login,401,Unauthorized,156,364,26
158732,Mon May 30 17:45:01 WEST 2022,Mon May 30 17:45:01 WEST 2022,POST,http://192.168.1.80:3000/rest/user/login,401,Unauthorized,179,364,26
158747,Mon May 30 17:45:01 WEST 2022,Mon May 30 17:45:02 WEST 2022,POST,http://192.168.1.80:3000/rest/user/login,401,Unauthorized,416,364,26
158748,Mon May 30 17:45:01 WEST 2022,Mon May 30 17:45:02 WEST 2022,POST,http://192.168.1.80:3000/rest/user/login,401,Unauthorized,460,364,26
158751,Mon May 30 17:45:02 WEST 2022,Mon May 30 17:45:02 WEST 2022,POST,http://192.168.1.80:3000/rest/user/login,401,Unauthorized,51,364,26
158754,Mon May 30 17:45:02 WEST 2022,Mon May 30 17:45:02 WEST 2022,POST,http://192.168.1.80:3000/rest/user/login,401,Unauthorized,127,364,26
158756,Mon May 30 17:45:02 WEST 2022,Mon May 30 17:45:02 WEST 2022,POST,http://192.168.1.80:3000/rest/user/login,401,Unauthorized,131,364,26
158760,Mon May 30 17:45:02 WEST 2022,Mon May 30 17:45:02 WEST 2022,POST,http://192.168.1.80:3000/rest/user/login,401,Unauthorized,147,364,26
158762,Mon May 30 17:45:02 WEST 2022,Mon May 30 17:45:02 WEST 2022,POST,http://192.168.1.80:3000/rest/user/login,401,Unauthorized,155,364,26
158768,Mon May 30 17:45:02 WEST 2022,Mon May 30 17:45:03 WEST 2022,POST,http://192.168.1.80:3000/rest/user/login,401,Unauthorized,178,364,26
158770,Mon May 30 17:45:02 WEST 2022,Mon May 30 17:45:03 WEST 2022,POST,http://192.168.1.80:3000/rest/user/login,401,Unauthorized,200,364,26
158779,Mon May 30 17:45:03 WEST 2022,Mon May 30 17:45:03 WEST 2022,POST,http://192.168.1.80:3000/rest/user/login,401,Unauthorized,155,364,26
158780,Mon May 30 17:45:03 WEST 2022,Mon May 30 17:45:03 WEST 2022,POST,http://192.168.1.80:3000/rest/user/login,401,Unauthorized,227,364,26
158794,Mon May 30 17:45:03 WEST 2022,Mon May 30 17:45:03 WEST 2022,POST,http://192.168.1.80:3000/rest/user/login,401,Unauthorized,241,364,26
158800,Mon May 30 17:45:03 WEST 2022,Mon May 30 17:45:03 WEST 2022,POST,http://192.168.1.80:3000/rest/user/login,401,Unauthorized,328,364,26
158888,Mon May 30 17:45:03 WEST 2022,Mon May 30 17:45:05 WEST 2022,POST,http://192.168.1.80:3000/rest/user/login,401,Unauthorized,2038,364,26
158935,Mon May 30 17:45:03 WEST 2022,Mon May 30 17:45:06 WEST 2022,POST,http://192.168.1.80:3000/rest/user/login,401,Unauthorized,2415,364,26
158965,Mon May 30 17:45:06 WEST 2022,Mon May 30 17:45:08 WEST 2022,POST,http://192.168.1.80:3000/rest/user/login,401,Unauthorized,1943,364,26
158966,Mon May 30 17:45:05 WEST 2022,Mon May 30 17:45:07 WEST 2022,POST,http://192.168.1.80:3000/rest/user/login,401,Unauthorized,2134,364,26
159041,Mon May 30 17:45:08 WEST 2022,Mon May 30 17:45:11 WEST 2022,POST,http://192.168.1.80:3000/rest/user/login,401,Unauthorized,2875,364,26
159056,Mon May 30 17:45:08 WEST 2022,Mon May 30 17:45:11 WEST 2022,POST,http://192.168.1.80:3000/rest/user/login,401,Unauthorized,3379,364,26
159076,Mon May 30 17:45:11 WEST 2022,Mon May 30 17:45:13 WEST 2022,POST,http://192.168.1.80:3000/rest/user/login,401,Unauthorized,2222,364,26
159105,Mon May 30 17:45:12 WEST 2022,Mon May 30 17:45:14 WEST 2022,POST,http://192.168.1.80:3000/rest/user/login,401,Unauthorized,2845,364,26
159109,Mon May 30 17:45:15 WEST 2022,Mon May 30 17:45:16 WEST 2022,POST,http://192.168.1.80:3000/rest/user/login,401,Unauthorized,844,364,26
159110,Mon May 30 17:45:13 WEST 2022,Mon May 30 17:45:16 WEST 2022,POST,http://192.168.1.80:3000/rest/user/login,401,Unauthorized,2892,364,26
159116,Mon May 30 17:45:17 WEST 2022,Mon May 30 17:45:18 WEST 2022,POST,http://192.168.1.80:3000/rest/user/login,401,Unauthorized,198,364,26
159120,Mon May 30 17:45:18 WEST 2022,Mon May 30 17:45:18 WEST 2022,POST,http://192.168.1.80:3000/rest/user/login,401,Unauthorized,255,364,26
159135,Mon May 30 17:45:18 WEST 2022,Mon May 30 17:45:18 WEST 2022,POST,http://192.168.1.80:3000/rest/user/login,401,Unauthorized,532,364,26
159148,Mon May 30 17:45:18 WEST 2022,Mon May 30 17:45:19 WEST 2022,POST,http://192.168.1.80:3000/rest/user/login,401,Unauthorized,745,364,26
159200,Mon May 30 17:45:18 WEST 2022,Mon May 30 17:45:20 WEST 2022,POST,http://192.168.1.80:3000/rest/user/login,401,Unauthorized,1683,364,26
159268,Mon May 30 17:45:19 WEST 2022,Mon May 30 17:45:21 WEST 2022,POST,http://192.168.1.80:3000/rest/user/login,401,Unauthorized,2924,364,26
159338,Mon May 30 17:45:20 WEST 2022,Mon May 30 17:45:25 WEST 2022,POST,http://192.168.1.80:3000/rest/user/login,401,Unauthorized,4939,364,26
159357,Mon May 30 17:45:21 WEST 2022,Mon May 30 17:45:26 WEST 2022,POST,http://192.168.1.80:3000/rest/user/login,401,Unauthorized,4532,364,26
159409,Mon May 30 17:45:25 WEST 2022,Mon May 30 17:45:28 WEST 2022,POST,http://192.168.1.80:3000/rest/user/login,401,Unauthorized,3011,364,26
159439,Mon May 30 17:45:26 WEST 2022,Mon May 30 17:45:29 WEST 2022,POST,http://192.168.1.80:3000/rest/user/login,401,Unauthorized,2883,364,26
159446,Mon May 30 17:45:28 WEST 2022,Mon May 30 17:45:30 WEST 2022,POST,http://192.168.1.80:3000/rest/user/login,401,Unauthorized,1834,364,26
159508,Mon May 30 17:45:30 WEST 2022,Mon May 30 17:45:32 WEST 2022,POST,http://192.168.1.80:3000/rest/user/login,401,Unauthorized,1984,364,26
159509,Mon May 30 17:45:29 WEST 2022,Mon May 30 17:45:32 WEST 2022,POST,http://192.168.1.80:3000/rest/user/login,401,Unauthorized,2865,364,26
159558,Mon May 30 17:45:33 WEST 2022,Mon May 30 17:45:35 WEST 2022,POST,http://192.168.1.80:3000/rest/user/login,401,Unauthorized,2026,364,26
159559,Mon May 30 17:45:32 WEST 2022,Mon May 30 17:45:35 WEST 2022,POST,http://192.168.1.80:3000/rest/user/login,401,Unauthorized,2260,364,26
159572,Mon May 30 17:45:35 WEST 2022,Mon May 30 17:45:36 WEST 2022,POST,http://192.168.1.80:3000/rest/user/login,401,Unauthorized,709,364,26
159574,Mon May 30 17:45:35 WEST 2022,Mon May 30 17:45:36 WEST 2022,POST,http://192.168.1.80:3000/rest/user/login,401,Unauthorized,709,364,26
159575,Mon May 30 17:45:36 WEST 2022,Mon May 30 17:45:36 WEST 2022,POST,http://192.168.1.80:3000/rest/user/login,401,Unauthorized,84,364,26
159597,Mon May 30 17:45:36 WEST 2022,Mon May 30 17:45:36 WEST 2022,POST,http://192.168.1.80:3000/rest/user/login,401,Unauthorized,505,364,26
159651,Mon May 30 17:45:36 WEST 2022,Mon May 30 17:45:37 WEST 2022,POST,http://192.168.1.80:3000/rest/user/login,401,Unauthorized,1475,364,26
159696,Mon May 30 17:45:36 WEST 2022,Mon May 30 17:45:38 WEST 2022,POST,http://192.168.1.80:3000/rest/user/login,401,Unauthorized,1872,364,26
160211,Mon May 30 17:45:37 WEST 2022,Mon May 30 17:45:46 WEST 2022,POST,http://192.168.1.80:3000/rest/user/login,401,Unauthorized,8644,364,26
160333,Mon May 30 17:45:38 WEST 2022,Mon May 30 17:45:48 WEST 2022,POST,http://192.168.1.80:3000/rest/user/login,401,Unauthorized,9655,364,26
160578,Mon May 30 17:45:46 WEST 2022,Mon May 30 17:45:53 WEST 2022,POST,http://192.168.1.80:3000/rest/user/login,401,Unauthorized,7354,364,26
160607,Mon May 30 17:45:48 WEST 2022,Mon May 30 17:45:54 WEST 2022,POST,http://192.168.1.80:3000/rest/user/login,401,Unauthorized,6474,364,26
161415,Mon May 30 17:45:53 WEST 2022,Mon May 30 17:46:07 WEST 2022,POST,http://192.168.1.80:3000/rest/user/login,401,Unauthorized,13467,364,26
161488,Mon May 30 17:45:54 WEST 2022,Mon May 30 17:46:08 WEST 2022,POST,http://192.168.1.80:3000/rest/user/login,401,Unauthorized,13827,364,26
